<?xml version="1.0" encoding="UTF-8"?>
<beans xmlns="http://www.springframework.org/schema/beans"
	xmlns:xsi="http://www.w3.org/2001/XMLSchema-instance"
	xmlns:util="http://www.springframework.org/schema/util"
	xsi:schemaLocation="
        http://www.springframework.org/schema/beans http://www.springframework.org/schema/beans/spring-beans.xsd
        http://www.springframework.org/schema/util http://www.springframework.org/schema/util/spring-util.xsd"> <!-- bean definitions here -->
<!-- 
	<bean id="cd" class="in.ibm.bean.CD" scope="singleton">
		<property name="cdTitle" value="GTA 5"></property>
		<property name="cdYear" value="2016"></property>
	</bean>
 -->
<bean id="cd" class="in.ibm.bean.CD" scope="prototype" init-method="init">
		<property name="cdTitle" value="GTA 5"></property>
		<property name="cdYear" value="2016"></property>
	</bean>
</beans>