<?xml version="1.0" encoding="UTF-8"?>
<beans xmlns="http://www.springframework.org/schema/beans"
	xmlns:xsi="http://www.w3.org/2001/XMLSchema-instance"
	xmlns:util="http://www.springframework.org/schema/util"
	xsi:schemaLocation="
        http://www.springframework.org/schema/beans http://www.springframework.org/schema/beans/spring-beans.xsd
        http://www.springframework.org/schema/util http://www.springframework.org/schema/util/spring-util.xsd"> <!-- bean definitions here -->

	<bean name="person" class="in.ibm.bean.Person">
		<property name="address" ref="address"></property>
	</bean>
	<bean id="address" class="in.ibm.bean.Address">
	</bean>
	<bean id ="personDao" class="in.ibm.dao.PersonDaoImpl"></bean>
</beans>